"LOCATION","INDICATOR","SUBJECT","MEASURE","FREQUENCY","TIME","Value","Flag Codes"
"AUS","CROPYIELD","WHEAT","TONNE_HA","A","1990",1.634404053,
"AUS","CROPYIELD","WHEAT","TONNE_HA","A","1991",1.469796322,
"AUS","CROPYIELD","WHEAT","TONNE_HA","A","1992",1.781197883,
"AUS","CROPYIELD","WHEAT","TONNE_HA","A","1993",1.965752934,
"AUS","CROPYIELD","WHEAT","TONNE_HA","A","1994",1.13567871,
"AUS","CROPYIELD","WHEAT","TONNE_HA","A","1995",1.789874955,
"AUS","CROPYIELD","WHEAT","TONNE_HA","A","1996",2.096300157,
"AUS","CROPYIELD","WHEAT","TONNE_HA","A","1997",1.841522518,
"AUS","CROPYIELD","WHEAT","TONNE_HA","A","1998",1.859631796,
"AUS","CROPYIELD","WHEAT","TONNE_HA","A","1999",2.03471543,
"AUS","CROPYIELD","WHEAT","TONNE_HA","A","2000",1.820885565,
"AUS","CROPYIELD","WHEAT","TONNE_HA","A","2001",2.107631059,
"AUS","CROPYIELD","WHEAT","TONNE_HA","A","2002",0.907039202,
"AUS","CROPYIELD","WHEAT","TONNE_HA","A","2003",1.999823985,
"AUS","CROPYIELD","WHEAT","TONNE_HA","A","2004",1.634782154,
"AUS","CROPYIELD","WHEAT","TONNE_HA","A","2005",2.021297628,
"AUS","CROPYIELD","WHEAT","TONNE_HA","A","2006",0.917247985,
"AUS","CROPYIELD","WHEAT","TONNE_HA","A","2007",1.078794432,
"AUS","CROPYIELD","WHEAT","TONNE_HA","A","2008",1.583139939,
"AUS","CROPYIELD","WHEAT","TONNE_HA","A","2009",1.572942151,
"AUS","CROPYIELD","WHEAT","TONNE_HA","A","2010",2.030107097,
"AUS","CROPYIELD","WHEAT","TONNE_HA","A","2011",2.151108319,
"AUS","CROPYIELD","WHEAT","TONNE_HA","A","2012",1.760921489,
"AUS","CROPYIELD","WHEAT","TONNE_HA","A","2013",2.006071795,
"AUS","CROPYIELD","WHEAT","TONNE_HA","A","2014",1.917246927,
"AUS","CROPYIELD","WHEAT","TONNE_HA","A","2015",1.974305509,
"AUS","CROPYIELD","WHEAT","TONNE_HA","A","2016",2.727729279,
"CAN","CROPYIELD","WHEAT","TONNE_HA","A","1990",2.276878879,
"CAN","CROPYIELD","WHEAT","TONNE_HA","A","1991",2.255903407,
"CAN","CROPYIELD","WHEAT","TONNE_HA","A","1992",2.160365012,
"CAN","CROPYIELD","WHEAT","TONNE_HA","A","1993",2.200126064,
"CAN","CROPYIELD","WHEAT","TONNE_HA","A","1994",2.127415672,
"CAN","CROPYIELD","WHEAT","TONNE_HA","A","1995",2.246702689,
"CAN","CROPYIELD","WHEAT","TONNE_HA","A","1996",2.430287462,
"CAN","CROPYIELD","WHEAT","TONNE_HA","A","1997",2.128538893,
"CAN","CROPYIELD","WHEAT","TONNE_HA","A","1998",2.254960345,
"CAN","CROPYIELD","WHEAT","TONNE_HA","A","1999",2.59709271,
"CAN","CROPYIELD","WHEAT","TONNE_HA","A","2000",2.444586727,
"CAN","CROPYIELD","WHEAT","TONNE_HA","A","2001",1.945235963,
"CAN","CROPYIELD","WHEAT","TONNE_HA","A","2002",1.832420642,
"CAN","CROPYIELD","WHEAT","TONNE_HA","A","2003",2.256458955,
"CAN","CROPYIELD","WHEAT","TONNE_HA","A","2004",2.640937703,
"CAN","CROPYIELD","WHEAT","TONNE_HA","A","2005",2.738052702,
"CAN","CROPYIELD","WHEAT","TONNE_HA","A","2006",2.609576732,
"CAN","CROPYIELD","WHEAT","TONNE_HA","A","2007",2.331727812,
"CAN","CROPYIELD","WHEAT","TONNE_HA","A","2008",2.857490889,
"CAN","CROPYIELD","WHEAT","TONNE_HA","A","2009",2.789729204,
"CAN","CROPYIELD","WHEAT","TONNE_HA","A","2010",2.80850038,
"CAN","CROPYIELD","WHEAT","TONNE_HA","A","2011",2.956796258,
"CAN","CROPYIELD","WHEAT","TONNE_HA","A","2012",2.864579714,
"CAN","CROPYIELD","WHEAT","TONNE_HA","A","2013",3.594307277,
"CAN","CROPYIELD","WHEAT","TONNE_HA","A","2014",3.103399,
"CAN","CROPYIELD","WHEAT","TONNE_HA","A","2015",2.881168167,
"CAN","CROPYIELD","WHEAT","TONNE_HA","A","2016",3.574046747,
"JPN","CROPYIELD","WHEAT","TONNE_HA","A","1990",3.655913979,
"JPN","CROPYIELD","WHEAT","TONNE_HA","A","1991",3.179723502,
"JPN","CROPYIELD","WHEAT","TONNE_HA","A","1992",3.538461539,
"JPN","CROPYIELD","WHEAT","TONNE_HA","A","1993",3.474945534,
"JPN","CROPYIELD","WHEAT","TONNE_HA","A","1994",3.719552337,
"JPN","CROPYIELD","WHEAT","TONNE_HA","A","1995",2.934567085,
"JPN","CROPYIELD","WHEAT","TONNE_HA","A","1996",3.015772871,
"JPN","CROPYIELD","WHEAT","TONNE_HA","A","1997",3.638095238,
"JPN","CROPYIELD","WHEAT","TONNE_HA","A","1998",3.514180025,
"JPN","CROPYIELD","WHEAT","TONNE_HA","A","1999",3.453791469,
"JPN","CROPYIELD","WHEAT","TONNE_HA","A","2000",3.759562842,
"JPN","CROPYIELD","WHEAT","TONNE_HA","A","2001",3.555104114,
"JPN","CROPYIELD","WHEAT","TONNE_HA","A","2002",4.006766554,
"JPN","CROPYIELD","WHEAT","TONNE_HA","A","2003",4.033930255,
"JPN","CROPYIELD","WHEAT","TONNE_HA","A","2004",4.037558685,
"JPN","CROPYIELD","WHEAT","TONNE_HA","A","2005",4.088785047,
"JPN","CROPYIELD","WHEAT","TONNE_HA","A","2006",3.839449541,
"JPN","CROPYIELD","WHEAT","TONNE_HA","A","2007",4.333333333,
"JPN","CROPYIELD","WHEAT","TONNE_HA","A","2008",4.215311005,
"JPN","CROPYIELD","WHEAT","TONNE_HA","A","2009",3.236677869,
"JPN","CROPYIELD","WHEAT","TONNE_HA","A","2010",2.759787337,
"JPN","CROPYIELD","WHEAT","TONNE_HA","A","2011",3.528605201,
"JPN","CROPYIELD","WHEAT","TONNE_HA","A","2012",4.101338432,
"JPN","CROPYIELD","WHEAT","TONNE_HA","A","2013",3.862987631,
"JPN","CROPYIELD","WHEAT","TONNE_HA","A","2014",4.00752587,
"JPN","CROPYIELD","WHEAT","TONNE_HA","A","2015",4.711403097,
"JPN","CROPYIELD","WHEAT","TONNE_HA","A","2016",3.688432836,
"KOR","CROPYIELD","WHEAT","TONNE_HA","A","1990",3.023809524,
"KOR","CROPYIELD","WHEAT","TONNE_HA","A","1991",3.095505618,
"KOR","CROPYIELD","WHEAT","TONNE_HA","A","1992",3.365853659,
"KOR","CROPYIELD","WHEAT","TONNE_HA","A","1993",2.711151737,
"KOR","CROPYIELD","WHEAT","TONNE_HA","A","1994",3.704467354,
"KOR","CROPYIELD","WHEAT","TONNE_HA","A","1995",4.438581315,
"KOR","CROPYIELD","WHEAT","TONNE_HA","A","1996",3.91926803,
"KOR","CROPYIELD","WHEAT","TONNE_HA","A","1997",4.044069641,
"KOR","CROPYIELD","WHEAT","TONNE_HA","A","1998",3.484693878,
"KOR","CROPYIELD","WHEAT","TONNE_HA","A","1999",3.669928245,
"KOR","CROPYIELD","WHEAT","TONNE_HA","A","2000",2.54515778,
"KOR","CROPYIELD","WHEAT","TONNE_HA","A","2001",3.104918033,
"KOR","CROPYIELD","WHEAT","TONNE_HA","A","2002",3.226769912,
"KOR","CROPYIELD","WHEAT","TONNE_HA","A","2003",3.051203901,
"KOR","CROPYIELD","WHEAT","TONNE_HA","A","2004",3.328850211,
"KOR","CROPYIELD","WHEAT","TONNE_HA","A","2005",3.205845512,
"KOR","CROPYIELD","WHEAT","TONNE_HA","A","2006",3.3429229,
"KOR","CROPYIELD","WHEAT","TONNE_HA","A","2007",3.812759336,
"KOR","CROPYIELD","WHEAT","TONNE_HA","A","2008",4.063946646,
"KOR","CROPYIELD","WHEAT","TONNE_HA","A","2009",3.70672982,
"KOR","CROPYIELD","WHEAT","TONNE_HA","A","2010",3.117309531,
"KOR","CROPYIELD","WHEAT","TONNE_HA","A","2011",3.348436063,
"KOR","CROPYIELD","WHEAT","TONNE_HA","A","2012",3.909791909,
"KOR","CROPYIELD","WHEAT","TONNE_HA","A","2013",2.585243456,
"KOR","CROPYIELD","WHEAT","TONNE_HA","A","2014",3.260306407,
"KOR","CROPYIELD","WHEAT","TONNE_HA","A","2015",2.623362445,
"KOR","CROPYIELD","WHEAT","TONNE_HA","A","2016",3.707375479,
"MEX","CROPYIELD","WHEAT","TONNE_HA","A","1990",4.213290461,
"MEX","CROPYIELD","WHEAT","TONNE_HA","A","1991",4.127219248,
"MEX","CROPYIELD","WHEAT","TONNE_HA","A","1992",3.953023424,
"MEX","CROPYIELD","WHEAT","TONNE_HA","A","1993",4.082108209,
"MEX","CROPYIELD","WHEAT","TONNE_HA","A","1994",4.303382226,
"MEX","CROPYIELD","WHEAT","TONNE_HA","A","1995",3.731950188,
"MEX","CROPYIELD","WHEAT","TONNE_HA","A","1996",4.170641227,
"MEX","CROPYIELD","WHEAT","TONNE_HA","A","1997",4.734662432,
"MEX","CROPYIELD","WHEAT","TONNE_HA","A","1998",4.207719641,
"MEX","CROPYIELD","WHEAT","TONNE_HA","A","1999",4.631151311,
"MEX","CROPYIELD","WHEAT","TONNE_HA","A","2000",4.935531858,
"MEX","CROPYIELD","WHEAT","TONNE_HA","A","2001",4.766049224,
"MEX","CROPYIELD","WHEAT","TONNE_HA","A","2002",5.0998916,
"MEX","CROPYIELD","WHEAT","TONNE_HA","A","2003",4.491411911,
"MEX","CROPYIELD","WHEAT","TONNE_HA","A","2004",4.478340013,
"MEX","CROPYIELD","WHEAT","TONNE_HA","A","2005",4.751694104,
"MEX","CROPYIELD","WHEAT","TONNE_HA","A","2006",5.227409277,
"MEX","CROPYIELD","WHEAT","TONNE_HA","A","2007",5.082402818,
"MEX","CROPYIELD","WHEAT","TONNE_HA","A","2008",5.084365655,
"MEX","CROPYIELD","WHEAT","TONNE_HA","A","2009",4.968762401,
"MEX","CROPYIELD","WHEAT","TONNE_HA","A","2010",5.418450882,
"MEX","CROPYIELD","WHEAT","TONNE_HA","A","2011",5.477792025,
"MEX","CROPYIELD","WHEAT","TONNE_HA","A","2012",5.65675701,
"MEX","CROPYIELD","WHEAT","TONNE_HA","A","2013",4.797142857,
"MEX","CROPYIELD","WHEAT","TONNE_HA","A","2014",5.241428571,
"MEX","CROPYIELD","WHEAT","TONNE_HA","A","2015",5.014864865,
"MEX","CROPYIELD","WHEAT","TONNE_HA","A","2016",5.362857143,
"NZL","CROPYIELD","WHEAT","TONNE_HA","A","1990",4.814933248,
"NZL","CROPYIELD","WHEAT","TONNE_HA","A","1991",5.054342937,
"NZL","CROPYIELD","WHEAT","TONNE_HA","A","1992",5.369765791,
"NZL","CROPYIELD","WHEAT","TONNE_HA","A","1993",5.436487064,
"NZL","CROPYIELD","WHEAT","TONNE_HA","A","1994",4.682269585,
"NZL","CROPYIELD","WHEAT","TONNE_HA","A","1995",5.533418561,
"NZL","CROPYIELD","WHEAT","TONNE_HA","A","1996",5.494250114,
"NZL","CROPYIELD","WHEAT","TONNE_HA","A","1997",5.904567789,
"NZL","CROPYIELD","WHEAT","TONNE_HA","A","1998",5.333377151,
"NZL","CROPYIELD","WHEAT","TONNE_HA","A","1999",6.635996785,
"NZL","CROPYIELD","WHEAT","TONNE_HA","A","2000",7.428571429,
"NZL","CROPYIELD","WHEAT","TONNE_HA","A","2001",7.144526066,
"NZL","CROPYIELD","WHEAT","TONNE_HA","A","2002",7.484534147,
"NZL","CROPYIELD","WHEAT","TONNE_HA","A","2003",6.550099841,
"NZL","CROPYIELD","WHEAT","TONNE_HA","A","2004",8.092020804,
"NZL","CROPYIELD","WHEAT","TONNE_HA","A","2005",6.89631737,
"NZL","CROPYIELD","WHEAT","TONNE_HA","A","2006",8.496571119,
"NZL","CROPYIELD","WHEAT","TONNE_HA","A","2007",8.112035156,
"NZL","CROPYIELD","WHEAT","TONNE_HA","A","2008",7.491792625,
"NZL","CROPYIELD","WHEAT","TONNE_HA","A","2009",8.124064132,
"NZL","CROPYIELD","WHEAT","TONNE_HA","A","2010",7.285795757,
"NZL","CROPYIELD","WHEAT","TONNE_HA","A","2011",8.924456621,
"NZL","CROPYIELD","WHEAT","TONNE_HA","A","2012",9.105307035,
"NZL","CROPYIELD","WHEAT","TONNE_HA","A","2013",9.142857143,
"NZL","CROPYIELD","WHEAT","TONNE_HA","A","2014",8.604166667,
"NZL","CROPYIELD","WHEAT","TONNE_HA","A","2015",8.604166667,
"NZL","CROPYIELD","WHEAT","TONNE_HA","A","2016",9.2,
"TUR","CROPYIELD","WHEAT","TONNE_HA","A","1990",2.122773647,
"TUR","CROPYIELD","WHEAT","TONNE_HA","A","1991",2.127422333,
"TUR","CROPYIELD","WHEAT","TONNE_HA","A","1992",2.039269447,
"TUR","CROPYIELD","WHEAT","TONNE_HA","A","1993",2.163030148,
"TUR","CROPYIELD","WHEAT","TONNE_HA","A","1994",1.787142873,
"TUR","CROPYIELD","WHEAT","TONNE_HA","A","1995",1.916489363,
"TUR","CROPYIELD","WHEAT","TONNE_HA","A","1996",1.980213881,
"TUR","CROPYIELD","WHEAT","TONNE_HA","A","1997",1.996788025,
"TUR","CROPYIELD","WHEAT","TONNE_HA","A","1998",2.234042645,
"TUR","CROPYIELD","WHEAT","TONNE_HA","A","1999",2.080924749,
"TUR","CROPYIELD","WHEAT","TONNE_HA","A","2000",2.234999895,
"TUR","CROPYIELD","WHEAT","TONNE_HA","A","2001",2.032834292,
"TUR","CROPYIELD","WHEAT","TONNE_HA","A","2002",2.096774101,
"TUR","CROPYIELD","WHEAT","TONNE_HA","A","2003",2.087912083,
"TUR","CROPYIELD","WHEAT","TONNE_HA","A","2004",2.258064508,
"TUR","CROPYIELD","WHEAT","TONNE_HA","A","2005",2.324324369,
"TUR","CROPYIELD","WHEAT","TONNE_HA","A","2006",2.35689044,
"TUR","CROPYIELD","WHEAT","TONNE_HA","A","2007",2.128179789,
"TUR","CROPYIELD","WHEAT","TONNE_HA","A","2008",2.198022366,
"TUR","CROPYIELD","WHEAT","TONNE_HA","A","2009",2.543209791,
"TUR","CROPYIELD","WHEAT","TONNE_HA","A","2010",2.427989721,
"TUR","CROPYIELD","WHEAT","TONNE_HA","A","2011",2.69268775,
"TUR","CROPYIELD","WHEAT","TONNE_HA","A","2012",2.669322729,
"TUR","CROPYIELD","WHEAT","TONNE_HA","A","2013",2.83674264,
"TUR","CROPYIELD","WHEAT","TONNE_HA","A","2014",2.399292946,
"TUR","CROPYIELD","WHEAT","TONNE_HA","A","2015",2.872759581,
"TUR","CROPYIELD","WHEAT","TONNE_HA","A","2016",2.685088635,
"USA","CROPYIELD","WHEAT","TONNE_HA","A","1990",2.656878787,
"USA","CROPYIELD","WHEAT","TONNE_HA","A","1991",2.303894729,
"USA","CROPYIELD","WHEAT","TONNE_HA","A","1992",2.641679244,
"USA","CROPYIELD","WHEAT","TONNE_HA","A","1993",2.570374377,
"USA","CROPYIELD","WHEAT","TONNE_HA","A","1994",2.525757831,
"USA","CROPYIELD","WHEAT","TONNE_HA","A","1995",2.410248943,
"USA","CROPYIELD","WHEAT","TONNE_HA","A","1996",2.438847895,
"USA","CROPYIELD","WHEAT","TONNE_HA","A","1997",2.657416814,
"USA","CROPYIELD","WHEAT","TONNE_HA","A","1998",2.903461537,
"USA","CROPYIELD","WHEAT","TONNE_HA","A","1999",2.868834249,
"USA","CROPYIELD","WHEAT","TONNE_HA","A","2000",2.822049918,
"USA","CROPYIELD","WHEAT","TONNE_HA","A","2001",2.700340125,
"USA","CROPYIELD","WHEAT","TONNE_HA","A","2002",2.377313264,
"USA","CROPYIELD","WHEAT","TONNE_HA","A","2003",2.969978933,
"USA","CROPYIELD","WHEAT","TONNE_HA","A","2004",2.90259524,
"USA","CROPYIELD","WHEAT","TONNE_HA","A","2005",2.825656833,
"USA","CROPYIELD","WHEAT","TONNE_HA","A","2006",2.603858519,
"USA","CROPYIELD","WHEAT","TONNE_HA","A","2007",2.725682986,
"USA","CROPYIELD","WHEAT","TONNE_HA","A","2008",3.017283402,
"USA","CROPYIELD","WHEAT","TONNE_HA","A","2009",2.989276163,
"USA","CROPYIELD","WHEAT","TONNE_HA","A","2010",3.118174554,
"USA","CROPYIELD","WHEAT","TONNE_HA","A","2011",2.941722057,
"USA","CROPYIELD","WHEAT","TONNE_HA","A","2012",3.103513272,
"USA","CROPYIELD","WHEAT","TONNE_HA","A","2013",3.169601912,
"USA","CROPYIELD","WHEAT","TONNE_HA","A","2014",2.936476322,
"USA","CROPYIELD","WHEAT","TONNE_HA","A","2015",2.931788,
"USA","CROPYIELD","WHEAT","TONNE_HA","A","2016",3.537239413,
"ARG","CROPYIELD","WHEAT","TONNE_HA","A","1990",1.897369778,
"ARG","CROPYIELD","WHEAT","TONNE_HA","A","1991",2.180806979,
"ARG","CROPYIELD","WHEAT","TONNE_HA","A","1992",2.327357392,
"ARG","CROPYIELD","WHEAT","TONNE_HA","A","1993",2.023903554,
"ARG","CROPYIELD","WHEAT","TONNE_HA","A","1994",2.167205016,
"ARG","CROPYIELD","WHEAT","TONNE_HA","A","1995",1.934319887,
"ARG","CROPYIELD","WHEAT","TONNE_HA","A","1996",2.242690059,
"ARG","CROPYIELD","WHEAT","TONNE_HA","A","1997",2.608853536,
"ARG","CROPYIELD","WHEAT","TONNE_HA","A","1998",2.302814328,
"ARG","CROPYIELD","WHEAT","TONNE_HA","A","1999",2.428571429,
"ARG","CROPYIELD","WHEAT","TONNE_HA","A","2000",2.490636704,
"ARG","CROPYIELD","WHEAT","TONNE_HA","A","2001",2.23534571,
"ARG","CROPYIELD","WHEAT","TONNE_HA","A","2002",2.033223141,
"ARG","CROPYIELD","WHEAT","TONNE_HA","A","2003",2.539319965,
"ARG","CROPYIELD","WHEAT","TONNE_HA","A","2004",2.630624691,
"ARG","CROPYIELD","WHEAT","TONNE_HA","A","2005",2.530747588,
"ARG","CROPYIELD","WHEAT","TONNE_HA","A","2006",2.62599278,
"ARG","CROPYIELD","WHEAT","TONNE_HA","A","2007",2.831312781,
"ARG","CROPYIELD","WHEAT","TONNE_HA","A","2008",1.977337111,
"ARG","CROPYIELD","WHEAT","TONNE_HA","A","2009",2.761015912,
"ARG","CROPYIELD","WHEAT","TONNE_HA","A","2010",3.510280787,
"ARG","CROPYIELD","WHEAT","TONNE_HA","A","2011",3.133318928,
"ARG","CROPYIELD","WHEAT","TONNE_HA","A","2012",2.53164557,
"ARG","CROPYIELD","WHEAT","TONNE_HA","A","2013",2.520547945,
"ARG","CROPYIELD","WHEAT","TONNE_HA","A","2014",2.642585551,
"ARG","CROPYIELD","WHEAT","TONNE_HA","A","2015",2.585812357,
"ARG","CROPYIELD","WHEAT","TONNE_HA","A","2016",3.307553957,
"BRA","CROPYIELD","WHEAT","TONNE_HA","A","1990",1.153969041,
"BRA","CROPYIELD","WHEAT","TONNE_HA","A","1991",1.464160401,
"BRA","CROPYIELD","WHEAT","TONNE_HA","A","1992",1.427987743,
"BRA","CROPYIELD","WHEAT","TONNE_HA","A","1993",1.472640219,
"BRA","CROPYIELD","WHEAT","TONNE_HA","A","1994",1.551928783,
"BRA","CROPYIELD","WHEAT","TONNE_HA","A","1995",1.543259557,
"BRA","CROPYIELD","WHEAT","TONNE_HA","A","1996",1.809340659,
"BRA","CROPYIELD","WHEAT","TONNE_HA","A","1997",1.635348226,
"BRA","CROPYIELD","WHEAT","TONNE_HA","A","1998",1.611071682,
"BRA","CROPYIELD","WHEAT","TONNE_HA","A","1999",1.9696,
"BRA","CROPYIELD","WHEAT","TONNE_HA","A","2000",1.619136961,
"BRA","CROPYIELD","WHEAT","TONNE_HA","A","2001",1.94849537,
"BRA","CROPYIELD","WHEAT","TONNE_HA","A","2002",1.519569472,
"BRA","CROPYIELD","WHEAT","TONNE_HA","A","2003",2.497564935,
"BRA","CROPYIELD","WHEAT","TONNE_HA","A","2004",2.083422843,
"BRA","CROPYIELD","WHEAT","TONNE_HA","A","2005",1.974565494,
"BRA","CROPYIELD","WHEAT","TONNE_HA","A","2006",1.593068036,
"BRA","CROPYIELD","WHEAT","TONNE_HA","A","2007",2.21027027,
"BRA","CROPYIELD","WHEAT","TONNE_HA","A","2008",2.47935973,
"BRA","CROPYIELD","WHEAT","TONNE_HA","A","2009",2.040690506,
"BRA","CROPYIELD","WHEAT","TONNE_HA","A","2010",2.773082223,
"BRA","CROPYIELD","WHEAT","TONNE_HA","A","2011",2.664950866,
"BRA","CROPYIELD","WHEAT","TONNE_HA","A","2012",2.316234796,
"BRA","CROPYIELD","WHEAT","TONNE_HA","A","2013",2.587330317,
"BRA","CROPYIELD","WHEAT","TONNE_HA","A","2014",2.208818342,
"BRA","CROPYIELD","WHEAT","TONNE_HA","A","2015",2.227254347,
"BRA","CROPYIELD","WHEAT","TONNE_HA","A","2016",3.169339623,
"CHL","CROPYIELD","WHEAT","TONNE_HA","A","1990",2.946826696,
"CHL","CROPYIELD","WHEAT","TONNE_HA","A","1991",3.40987134,
"CHL","CROPYIELD","WHEAT","TONNE_HA","A","1992",3.377440453,
"CHL","CROPYIELD","WHEAT","TONNE_HA","A","1993",3.35189867,
"CHL","CROPYIELD","WHEAT","TONNE_HA","A","1994",3.511049748,
"CHL","CROPYIELD","WHEAT","TONNE_HA","A","1995",3.548717976,
"CHL","CROPYIELD","WHEAT","TONNE_HA","A","1996",3.32520318,
"CHL","CROPYIELD","WHEAT","TONNE_HA","A","1997",4.021582604,
"CHL","CROPYIELD","WHEAT","TONNE_HA","A","1998",3.530973434,
"CHL","CROPYIELD","WHEAT","TONNE_HA","A","1999",3.808673382,
"CHL","CROPYIELD","WHEAT","TONNE_HA","A","2000",4.299516678,
"CHL","CROPYIELD","WHEAT","TONNE_HA","A","2001",4.272300243,
"CHL","CROPYIELD","WHEAT","TONNE_HA","A","2002",4.319711685,
"CHL","CROPYIELD","WHEAT","TONNE_HA","A","2003",4.576190472,
"CHL","CROPYIELD","WHEAT","TONNE_HA","A","2004",4.576190472,
"CHL","CROPYIELD","WHEAT","TONNE_HA","A","2005",5.879364967,
"CHL","CROPYIELD","WHEAT","TONNE_HA","A","2006",6.051723957,
"CHL","CROPYIELD","WHEAT","TONNE_HA","A","2007",4.070110798,
"CHL","CROPYIELD","WHEAT","TONNE_HA","A","2008",4.405694008,
"CHL","CROPYIELD","WHEAT","TONNE_HA","A","2009",4.33712101,
"CHL","CROPYIELD","WHEAT","TONNE_HA","A","2010",5.623616219,
"CHL","CROPYIELD","WHEAT","TONNE_HA","A","2011",6.432653427,
"CHL","CROPYIELD","WHEAT","TONNE_HA","A","2012",4.951020718,
"CHL","CROPYIELD","WHEAT","TONNE_HA","A","2013",5.814905167,
"CHL","CROPYIELD","WHEAT","TONNE_HA","A","2014",5.328089714,
"CHL","CROPYIELD","WHEAT","TONNE_HA","A","2015",5.630698681,
"CHL","CROPYIELD","WHEAT","TONNE_HA","A","2016",6.07045269,
"CHN","CROPYIELD","WHEAT","TONNE_HA","A","1990",3.194124215,
"CHN","CROPYIELD","WHEAT","TONNE_HA","A","1991",3.100361897,
"CHN","CROPYIELD","WHEAT","TONNE_HA","A","1992",3.331158185,
"CHN","CROPYIELD","WHEAT","TONNE_HA","A","1993",3.518769638,
"CHN","CROPYIELD","WHEAT","TONNE_HA","A","1994",3.426279286,
"CHN","CROPYIELD","WHEAT","TONNE_HA","A","1995",3.541476092,
"CHN","CROPYIELD","WHEAT","TONNE_HA","A","1996",3.734051535,
"CHN","CROPYIELD","WHEAT","TONNE_HA","A","1997",4.101839838,
"CHN","CROPYIELD","WHEAT","TONNE_HA","A","1998",3.685172124,
"CHN","CROPYIELD","WHEAT","TONNE_HA","A","1999",3.94676648,
"CHN","CROPYIELD","WHEAT","TONNE_HA","A","2000",3.738265978,
"CHN","CROPYIELD","WHEAT","TONNE_HA","A","2001",3.806195264,
"CHN","CROPYIELD","WHEAT","TONNE_HA","A","2002",3.776560147,
"CHN","CROPYIELD","WHEAT","TONNE_HA","A","2003",3.931808883,
"CHN","CROPYIELD","WHEAT","TONNE_HA","A","2004",4.251918986,
"CHN","CROPYIELD","WHEAT","TONNE_HA","A","2005",4.27540365,
"CHN","CROPYIELD","WHEAT","TONNE_HA","A","2006",4.593486639,
"CHN","CROPYIELD","WHEAT","TONNE_HA","A","2007",4.607647232,
"CHN","CROPYIELD","WHEAT","TONNE_HA","A","2008",4.76165474,
"CHN","CROPYIELD","WHEAT","TONNE_HA","A","2009",4.738997983,
"CHN","CROPYIELD","WHEAT","TONNE_HA","A","2010",4.748515831,
"CHN","CROPYIELD","WHEAT","TONNE_HA","A","2011",4.837288834,
"CHN","CROPYIELD","WHEAT","TONNE_HA","A","2012",4.979520356,
"CHN","CROPYIELD","WHEAT","TONNE_HA","A","2013",5.055603931,
"CHN","CROPYIELD","WHEAT","TONNE_HA","A","2014",5.243591342,
"CHN","CROPYIELD","WHEAT","TONNE_HA","A","2015",5.392693087,
"CHN","CROPYIELD","WHEAT","TONNE_HA","A","2016",5.327322221,
"COL","CROPYIELD","WHEAT","TONNE_HA","A","1990",1.842105269,
"COL","CROPYIELD","WHEAT","TONNE_HA","A","1991",2,
"COL","CROPYIELD","WHEAT","TONNE_HA","A","1992",1.744186044,
"COL","CROPYIELD","WHEAT","TONNE_HA","A","1993",1.882352948,
"COL","CROPYIELD","WHEAT","TONNE_HA","A","1994",2.058823586,
"COL","CROPYIELD","WHEAT","TONNE_HA","A","1995",2.114285708,
"COL","CROPYIELD","WHEAT","TONNE_HA","A","1996",2.166666746,
"COL","CROPYIELD","WHEAT","TONNE_HA","A","1997",2.083333254,
"COL","CROPYIELD","WHEAT","TONNE_HA","A","1998",2.052631617,
"COL","CROPYIELD","WHEAT","TONNE_HA","A","1999",2.352941275,
"COL","CROPYIELD","WHEAT","TONNE_HA","A","2000",1.850000024,
"COL","CROPYIELD","WHEAT","TONNE_HA","A","2001",2.133333445,
"COL","CROPYIELD","WHEAT","TONNE_HA","A","2002",1.51666677,
"COL","CROPYIELD","WHEAT","TONNE_HA","A","2003",1.725000143,
"COL","CROPYIELD","WHEAT","TONNE_HA","A","2004",1.869565249,
"COL","CROPYIELD","WHEAT","TONNE_HA","A","2005",2.631578922,
"COL","CROPYIELD","WHEAT","TONNE_HA","A","2006",2.33470583,
"COL","CROPYIELD","WHEAT","TONNE_HA","A","2007",2.313158035,
"COL","CROPYIELD","WHEAT","TONNE_HA","A","2008",1.750666738,
"COL","CROPYIELD","WHEAT","TONNE_HA","A","2009",0.956666648,
"COL","CROPYIELD","WHEAT","TONNE_HA","A","2010",0.69095242,
"COL","CROPYIELD","WHEAT","TONNE_HA","A","2011",0.671052635,
"COL","CROPYIELD","WHEAT","TONNE_HA","A","2012",0.365999997,
"COL","CROPYIELD","WHEAT","TONNE_HA","A","2013",0.401499987,
"COL","CROPYIELD","WHEAT","TONNE_HA","A","2014",0.800000012,
"COL","CROPYIELD","WHEAT","TONNE_HA","A","2015",0.449999988,
"COL","CROPYIELD","WHEAT","TONNE_HA","A","2016",3.730210066,
"EGY","CROPYIELD","WHEAT","TONNE_HA","A","1990",5.198538303,
"EGY","CROPYIELD","WHEAT","TONNE_HA","A","1991",4.815252304,
"EGY","CROPYIELD","WHEAT","TONNE_HA","A","1992",5.253697395,
"EGY","CROPYIELD","WHEAT","TONNE_HA","A","1993",5.299342156,
"EGY","CROPYIELD","WHEAT","TONNE_HA","A","1994",5.002254963,
"EGY","CROPYIELD","WHEAT","TONNE_HA","A","1995",5.423696518,
"EGY","CROPYIELD","WHEAT","TONNE_HA","A","1996",5.639134884,
"EGY","CROPYIELD","WHEAT","TONNE_HA","A","1997",5.597129345,
"EGY","CROPYIELD","WHEAT","TONNE_HA","A","1998",5.991150379,
"EGY","CROPYIELD","WHEAT","TONNE_HA","A","1999",6.347000122,
"EGY","CROPYIELD","WHEAT","TONNE_HA","A","2000",6.342029095,
"EGY","CROPYIELD","WHEAT","TONNE_HA","A","2001",6.356707096,
"EGY","CROPYIELD","WHEAT","TONNE_HA","A","2002",6.432038784,
"EGY","CROPYIELD","WHEAT","TONNE_HA","A","2003",6.50047493,
"EGY","CROPYIELD","WHEAT","TONNE_HA","A","2004",6.555251122,
"EGY","CROPYIELD","WHEAT","TONNE_HA","A","2005",6.492025375,
"EGY","CROPYIELD","WHEAT","TONNE_HA","A","2006",6.428904533,
"EGY","CROPYIELD","WHEAT","TONNE_HA","A","2007",6.467133999,
"EGY","CROPYIELD","WHEAT","TONNE_HA","A","2008",6.501222611,
"EGY","CROPYIELD","WHEAT","TONNE_HA","A","2009",6.384269714,
"EGY","CROPYIELD","WHEAT","TONNE_HA","A","2010",5.572205067,
"EGY","CROPYIELD","WHEAT","TONNE_HA","A","2011",6.542412281,
"EGY","CROPYIELD","WHEAT","TONNE_HA","A","2012",6.58308363,
"EGY","CROPYIELD","WHEAT","TONNE_HA","A","2013",6.666666508,
"EGY","CROPYIELD","WHEAT","TONNE_HA","A","2014",6.512280464,
"EGY","CROPYIELD","WHEAT","TONNE_HA","A","2015",6.589848995,
"EGY","CROPYIELD","WHEAT","TONNE_HA","A","2016",6.574141502,
"ETH","CROPYIELD","WHEAT","TONNE_HA","A","1990",1,
"ETH","CROPYIELD","WHEAT","TONNE_HA","A","1991",1,
"ETH","CROPYIELD","WHEAT","TONNE_HA","A","1992",1,
"ETH","CROPYIELD","WHEAT","TONNE_HA","A","1993",0.970979452,
"ETH","CROPYIELD","WHEAT","TONNE_HA","A","1994",1.130344153,
"ETH","CROPYIELD","WHEAT","TONNE_HA","A","1995",1.373522401,
"ETH","CROPYIELD","WHEAT","TONNE_HA","A","1996",1.396825433,
"ETH","CROPYIELD","WHEAT","TONNE_HA","A","1997",1.291962147,
"ETH","CROPYIELD","WHEAT","TONNE_HA","A","1998",1.373798132,
"ETH","CROPYIELD","WHEAT","TONNE_HA","A","1999",1.115421891,
"ETH","CROPYIELD","WHEAT","TONNE_HA","A","2000",1.162900209,
"ETH","CROPYIELD","WHEAT","TONNE_HA","A","2001",1.325581431,
"ETH","CROPYIELD","WHEAT","TONNE_HA","A","2002",1.439363837,
"ETH","CROPYIELD","WHEAT","TONNE_HA","A","2003",1.387650132,
"ETH","CROPYIELD","WHEAT","TONNE_HA","A","2004",1.468607783,
"ETH","CROPYIELD","WHEAT","TONNE_HA","A","2005",1.557224631,
"ETH","CROPYIELD","WHEAT","TONNE_HA","A","2006",1.51986301,
"ETH","CROPYIELD","WHEAT","TONNE_HA","A","2007",1.670963407,
"ETH","CROPYIELD","WHEAT","TONNE_HA","A","2008",1.623859644,
"ETH","CROPYIELD","WHEAT","TONNE_HA","A","2009",1.826603293,
"ETH","CROPYIELD","WHEAT","TONNE_HA","A","2010",1.839021206,
"ETH","CROPYIELD","WHEAT","TONNE_HA","A","2011",2.029227495,
"ETH","CROPYIELD","WHEAT","TONNE_HA","A","2012",2.109950781,
"ETH","CROPYIELD","WHEAT","TONNE_HA","A","2013",2.44396019,
"ETH","CROPYIELD","WHEAT","TONNE_HA","A","2014",2.612345696,
"ETH","CROPYIELD","WHEAT","TONNE_HA","A","2015",2.870370388,
"ETH","CROPYIELD","WHEAT","TONNE_HA","A","2016",2.801234484,
"IND","CROPYIELD","WHEAT","TONNE_HA","A","1990",2.121096134,
"IND","CROPYIELD","WHEAT","TONNE_HA","A","1991",2.281416893,
"IND","CROPYIELD","WHEAT","TONNE_HA","A","1992",2.394033194,
"IND","CROPYIELD","WHEAT","TONNE_HA","A","1993",2.326650143,
"IND","CROPYIELD","WHEAT","TONNE_HA","A","1994",2.379607916,
"IND","CROPYIELD","WHEAT","TONNE_HA","A","1995",2.559027195,
"IND","CROPYIELD","WHEAT","TONNE_HA","A","1996",2.482787609,
"IND","CROPYIELD","WHEAT","TONNE_HA","A","1997",2.678950787,
"IND","CROPYIELD","WHEAT","TONNE_HA","A","1998",2.485203743,
"IND","CROPYIELD","WHEAT","TONNE_HA","A","1999",2.590124607,
"IND","CROPYIELD","WHEAT","TONNE_HA","A","2000",2.778469086,
"IND","CROPYIELD","WHEAT","TONNE_HA","A","2001",2.70805645,
"IND","CROPYIELD","WHEAT","TONNE_HA","A","2002",2.762194157,
"IND","CROPYIELD","WHEAT","TONNE_HA","A","2003",2.609938145,
"IND","CROPYIELD","WHEAT","TONNE_HA","A","2004",2.712915897,
"IND","CROPYIELD","WHEAT","TONNE_HA","A","2005",2.601675272,
"IND","CROPYIELD","WHEAT","TONNE_HA","A","2006",2.618562222,
"IND","CROPYIELD","WHEAT","TONNE_HA","A","2007",2.707865715,
"IND","CROPYIELD","WHEAT","TONNE_HA","A","2008",2.80217576,
"IND","CROPYIELD","WHEAT","TONNE_HA","A","2009",2.907156229,
"IND","CROPYIELD","WHEAT","TONNE_HA","A","2010",2.839198828,
"IND","CROPYIELD","WHEAT","TONNE_HA","A","2011",2.988441706,
"IND","CROPYIELD","WHEAT","TONNE_HA","A","2012",3.177495003,
"IND","CROPYIELD","WHEAT","TONNE_HA","A","2013",3.116688252,
"IND","CROPYIELD","WHEAT","TONNE_HA","A","2014",3.145407438,
"IND","CROPYIELD","WHEAT","TONNE_HA","A","2015",2.749952316,
"IND","CROPYIELD","WHEAT","TONNE_HA","A","2016",3.104794025,
"IDN","CROPYIELD","WHEAT","TONNE_HA","A","1990",1,
"IDN","CROPYIELD","WHEAT","TONNE_HA","A","1991",1,
"IDN","CROPYIELD","WHEAT","TONNE_HA","A","1992",1,
"IDN","CROPYIELD","WHEAT","TONNE_HA","A","1993",1,
"IDN","CROPYIELD","WHEAT","TONNE_HA","A","1994",1,
"IDN","CROPYIELD","WHEAT","TONNE_HA","A","1995",1,
"IDN","CROPYIELD","WHEAT","TONNE_HA","A","1996",1,
"IDN","CROPYIELD","WHEAT","TONNE_HA","A","1997",1,
"IDN","CROPYIELD","WHEAT","TONNE_HA","A","1998",1,
"IDN","CROPYIELD","WHEAT","TONNE_HA","A","1999",1,
"IDN","CROPYIELD","WHEAT","TONNE_HA","A","2000",1,
"IDN","CROPYIELD","WHEAT","TONNE_HA","A","2001",1,
"IDN","CROPYIELD","WHEAT","TONNE_HA","A","2002",1,
"IDN","CROPYIELD","WHEAT","TONNE_HA","A","2003",1,
"IDN","CROPYIELD","WHEAT","TONNE_HA","A","2004",1,
"IDN","CROPYIELD","WHEAT","TONNE_HA","A","2005",1,
"IDN","CROPYIELD","WHEAT","TONNE_HA","A","2006",1,
"IDN","CROPYIELD","WHEAT","TONNE_HA","A","2007",1,
"IDN","CROPYIELD","WHEAT","TONNE_HA","A","2008",1,
"IDN","CROPYIELD","WHEAT","TONNE_HA","A","2009",1,
"IDN","CROPYIELD","WHEAT","TONNE_HA","A","2010",1,
"IDN","CROPYIELD","WHEAT","TONNE_HA","A","2011",1,
"IDN","CROPYIELD","WHEAT","TONNE_HA","A","2012",1,
"IDN","CROPYIELD","WHEAT","TONNE_HA","A","2013",1,
"IDN","CROPYIELD","WHEAT","TONNE_HA","A","2014",1,
"IDN","CROPYIELD","WHEAT","TONNE_HA","A","2015",1,
"IDN","CROPYIELD","WHEAT","TONNE_HA","A","2016",1,
"IRN","CROPYIELD","WHEAT","TONNE_HA","A","1990",1.27620256,
"IRN","CROPYIELD","WHEAT","TONNE_HA","A","1991",1.340805173,
"IRN","CROPYIELD","WHEAT","TONNE_HA","A","1992",1.468831182,
"IRN","CROPYIELD","WHEAT","TONNE_HA","A","1993",1.492628694,
"IRN","CROPYIELD","WHEAT","TONNE_HA","A","1994",1.602771998,
"IRN","CROPYIELD","WHEAT","TONNE_HA","A","1995",1.709760904,
"IRN","CROPYIELD","WHEAT","TONNE_HA","A","1996",1.582648516,
"IRN","CROPYIELD","WHEAT","TONNE_HA","A","1997",1.594697595,
"IRN","CROPYIELD","WHEAT","TONNE_HA","A","1998",1.934466004,
"IRN","CROPYIELD","WHEAT","TONNE_HA","A","1999",1.830132961,
"IRN","CROPYIELD","WHEAT","TONNE_HA","A","2000",1.585882306,
"IRN","CROPYIELD","WHEAT","TONNE_HA","A","2001",1.703403592,
"IRN","CROPYIELD","WHEAT","TONNE_HA","A","2002",1.99487257,
"IRN","CROPYIELD","WHEAT","TONNE_HA","A","2003",2.06769228,
"IRN","CROPYIELD","WHEAT","TONNE_HA","A","2004",2.155259371,
"IRN","CROPYIELD","WHEAT","TONNE_HA","A","2005",2.30774188,
"IRN","CROPYIELD","WHEAT","TONNE_HA","A","2006",2.365119457,
"IRN","CROPYIELD","WHEAT","TONNE_HA","A","2007",2.482281208,
"IRN","CROPYIELD","WHEAT","TONNE_HA","A","2008",1.166661739,
"IRN","CROPYIELD","WHEAT","TONNE_HA","A","2009",1.982462287,
"IRN","CROPYIELD","WHEAT","TONNE_HA","A","2010",1.969025493,
"IRN","CROPYIELD","WHEAT","TONNE_HA","A","2011",1.425186515,
"IRN","CROPYIELD","WHEAT","TONNE_HA","A","2012",1.440758348,
"IRN","CROPYIELD","WHEAT","TONNE_HA","A","2013",1.520549178,
"IRN","CROPYIELD","WHEAT","TONNE_HA","A","2014",1.728826642,
"IRN","CROPYIELD","WHEAT","TONNE_HA","A","2015",1.883038044,
"IRN","CROPYIELD","WHEAT","TONNE_HA","A","2016",1.813629627,
"KAZ","CROPYIELD","WHEAT","TONNE_HA","A","1990",1,
"KAZ","CROPYIELD","WHEAT","TONNE_HA","A","1991",0.8686831,
"KAZ","CROPYIELD","WHEAT","TONNE_HA","A","1992",1.317647934,
"KAZ","CROPYIELD","WHEAT","TONNE_HA","A","1993",0.908413708,
"KAZ","CROPYIELD","WHEAT","TONNE_HA","A","1994",0.717274189,
"KAZ","CROPYIELD","WHEAT","TONNE_HA","A","1995",0.597514331,
"KAZ","CROPYIELD","WHEAT","TONNE_HA","A","1996",0.683887065,
"KAZ","CROPYIELD","WHEAT","TONNE_HA","A","1997",0.844891012,
"KAZ","CROPYIELD","WHEAT","TONNE_HA","A","1998",0.603732169,
"KAZ","CROPYIELD","WHEAT","TONNE_HA","A","1999",1.286858916,
"KAZ","CROPYIELD","WHEAT","TONNE_HA","A","2000",0.904847205,
"KAZ","CROPYIELD","WHEAT","TONNE_HA","A","2001",1.167279363,
"KAZ","CROPYIELD","WHEAT","TONNE_HA","A","2002",1.093528867,
"KAZ","CROPYIELD","WHEAT","TONNE_HA","A","2003",1.015491605,
"KAZ","CROPYIELD","WHEAT","TONNE_HA","A","2004",0.831130803,
"KAZ","CROPYIELD","WHEAT","TONNE_HA","A","2005",0.885381043,
"KAZ","CROPYIELD","WHEAT","TONNE_HA","A","2006",1.083251238,
"KAZ","CROPYIELD","WHEAT","TONNE_HA","A","2007",1.277293563,
"KAZ","CROPYIELD","WHEAT","TONNE_HA","A","2008",0.930408895,
"KAZ","CROPYIELD","WHEAT","TONNE_HA","A","2009",1.15599072,
"KAZ","CROPYIELD","WHEAT","TONNE_HA","A","2010",0.67580986,
"KAZ","CROPYIELD","WHEAT","TONNE_HA","A","2011",1.64142251,
"KAZ","CROPYIELD","WHEAT","TONNE_HA","A","2012",0.728971839,
"KAZ","CROPYIELD","WHEAT","TONNE_HA","A","2013",1.064183235,
"KAZ","CROPYIELD","WHEAT","TONNE_HA","A","2014",1.049149156,
"KAZ","CROPYIELD","WHEAT","TONNE_HA","A","2015",1.188106537,
"KAZ","CROPYIELD","WHEAT","TONNE_HA","A","2016",1.211134791,
"MYS","CROPYIELD","WHEAT","TONNE_HA","A","1990",1,
"MYS","CROPYIELD","WHEAT","TONNE_HA","A","1991",1,
"MYS","CROPYIELD","WHEAT","TONNE_HA","A","1992",1,
"MYS","CROPYIELD","WHEAT","TONNE_HA","A","1993",1,
"MYS","CROPYIELD","WHEAT","TONNE_HA","A","1994",1,
"MYS","CROPYIELD","WHEAT","TONNE_HA","A","1995",1,
"MYS","CROPYIELD","WHEAT","TONNE_HA","A","1996",1,
"MYS","CROPYIELD","WHEAT","TONNE_HA","A","1997",1,
"MYS","CROPYIELD","WHEAT","TONNE_HA","A","1998",1,
"MYS","CROPYIELD","WHEAT","TONNE_HA","A","1999",1,
"MYS","CROPYIELD","WHEAT","TONNE_HA","A","2000",1,
"MYS","CROPYIELD","WHEAT","TONNE_HA","A","2001",1,
"MYS","CROPYIELD","WHEAT","TONNE_HA","A","2002",1,
"MYS","CROPYIELD","WHEAT","TONNE_HA","A","2003",1,
"MYS","CROPYIELD","WHEAT","TONNE_HA","A","2004",1,
"MYS","CROPYIELD","WHEAT","TONNE_HA","A","2005",1,
"MYS","CROPYIELD","WHEAT","TONNE_HA","A","2006",1,
"MYS","CROPYIELD","WHEAT","TONNE_HA","A","2007",1,
"MYS","CROPYIELD","WHEAT","TONNE_HA","A","2008",1,
"MYS","CROPYIELD","WHEAT","TONNE_HA","A","2009",1,
"MYS","CROPYIELD","WHEAT","TONNE_HA","A","2010",1,
"MYS","CROPYIELD","WHEAT","TONNE_HA","A","2011",1,
"MYS","CROPYIELD","WHEAT","TONNE_HA","A","2012",1,
"MYS","CROPYIELD","WHEAT","TONNE_HA","A","2013",1,
"MYS","CROPYIELD","WHEAT","TONNE_HA","A","2014",1,
"MYS","CROPYIELD","WHEAT","TONNE_HA","A","2015",1,
"MYS","CROPYIELD","WHEAT","TONNE_HA","A","2016",1,
"NGA","CROPYIELD","WHEAT","TONNE_HA","A","1990",0.833333314,
"NGA","CROPYIELD","WHEAT","TONNE_HA","A","1991",1.200000048,
"NGA","CROPYIELD","WHEAT","TONNE_HA","A","1992",1.333333373,
"NGA","CROPYIELD","WHEAT","TONNE_HA","A","1993",2.357142925,
"NGA","CROPYIELD","WHEAT","TONNE_HA","A","1994",2.333333254,
"NGA","CROPYIELD","WHEAT","TONNE_HA","A","1995",2.200000048,
"NGA","CROPYIELD","WHEAT","TONNE_HA","A","1996",2.043478251,
"NGA","CROPYIELD","WHEAT","TONNE_HA","A","1997",2.640000105,
"NGA","CROPYIELD","WHEAT","TONNE_HA","A","1998",2,
"NGA","CROPYIELD","WHEAT","TONNE_HA","A","1999",2.885714293,
"NGA","CROPYIELD","WHEAT","TONNE_HA","A","2000",2.08571434,
"NGA","CROPYIELD","WHEAT","TONNE_HA","A","2001",1.45714283,
"NGA","CROPYIELD","WHEAT","TONNE_HA","A","2002",1.54285717,
"NGA","CROPYIELD","WHEAT","TONNE_HA","A","2003",1.657142878,
"NGA","CROPYIELD","WHEAT","TONNE_HA","A","2004",1.771428585,
"NGA","CROPYIELD","WHEAT","TONNE_HA","A","2005",1.885714293,
"NGA","CROPYIELD","WHEAT","TONNE_HA","A","2006",2.028571367,
"NGA","CROPYIELD","WHEAT","TONNE_HA","A","2007",1.257142901,
"NGA","CROPYIELD","WHEAT","TONNE_HA","A","2008",1.514285684,
"NGA","CROPYIELD","WHEAT","TONNE_HA","A","2009",2.285714388,
"NGA","CROPYIELD","WHEAT","TONNE_HA","A","2010",3.08571434,
"NGA","CROPYIELD","WHEAT","TONNE_HA","A","2011",4.714285851,
"NGA","CROPYIELD","WHEAT","TONNE_HA","A","2012",2.857142925,
"NGA","CROPYIELD","WHEAT","TONNE_HA","A","2013",2.285714388,
"NGA","CROPYIELD","WHEAT","TONNE_HA","A","2014",2,
"NGA","CROPYIELD","WHEAT","TONNE_HA","A","2015",1.714285731,
"NGA","CROPYIELD","WHEAT","TONNE_HA","A","2016",1.714285731,
"PAK","CROPYIELD","WHEAT","TONNE_HA","A","1990",1.824729085,
"PAK","CROPYIELD","WHEAT","TONNE_HA","A","1991",1.841107369,
"PAK","CROPYIELD","WHEAT","TONNE_HA","A","1992",1.990860581,
"PAK","CROPYIELD","WHEAT","TONNE_HA","A","1993",1.946626544,
"PAK","CROPYIELD","WHEAT","TONNE_HA","A","1994",1.893577337,
"PAK","CROPYIELD","WHEAT","TONNE_HA","A","1995",2.081028223,
"PAK","CROPYIELD","WHEAT","TONNE_HA","A","1996",2.018505335,
"PAK","CROPYIELD","WHEAT","TONNE_HA","A","1997",2.053274155,
"PAK","CROPYIELD","WHEAT","TONNE_HA","A","1998",2.237462521,
"PAK","CROPYIELD","WHEAT","TONNE_HA","A","1999",2.169843912,
"PAK","CROPYIELD","WHEAT","TONNE_HA","A","2000",2.490677118,
"PAK","CROPYIELD","WHEAT","TONNE_HA","A","2001",2.32540822,
"PAK","CROPYIELD","WHEAT","TONNE_HA","A","2002",2.262053967,
"PAK","CROPYIELD","WHEAT","TONNE_HA","A","2003",2.387794495,
"PAK","CROPYIELD","WHEAT","TONNE_HA","A","2004",2.3733356,
"PAK","CROPYIELD","WHEAT","TONNE_HA","A","2005",2.585822105,
"PAK","CROPYIELD","WHEAT","TONNE_HA","A","2006",2.51859045,
"PAK","CROPYIELD","WHEAT","TONNE_HA","A","2007",2.715632916,
"PAK","CROPYIELD","WHEAT","TONNE_HA","A","2008",2.451379061,
"PAK","CROPYIELD","WHEAT","TONNE_HA","A","2009",2.656743288,
"PAK","CROPYIELD","WHEAT","TONNE_HA","A","2010",2.581026793,
"PAK","CROPYIELD","WHEAT","TONNE_HA","A","2011",2.832788467,
"PAK","CROPYIELD","WHEAT","TONNE_HA","A","2012",2.713750601,
"PAK","CROPYIELD","WHEAT","TONNE_HA","A","2013",2.795709133,
"PAK","CROPYIELD","WHEAT","TONNE_HA","A","2014",2.824019194,
"PAK","CROPYIELD","WHEAT","TONNE_HA","A","2015",2.732679844,
"PAK","CROPYIELD","WHEAT","TONNE_HA","A","2016",2.778844118,
"PRY","CROPYIELD","WHEAT","TONNE_HA","A","1990",1.660256386,
"PRY","CROPYIELD","WHEAT","TONNE_HA","A","1991",1.792349815,
"PRY","CROPYIELD","WHEAT","TONNE_HA","A","1992",2.213541746,
"PRY","CROPYIELD","WHEAT","TONNE_HA","A","1993",2.148571491,
"PRY","CROPYIELD","WHEAT","TONNE_HA","A","1994",1.215116262,
"PRY","CROPYIELD","WHEAT","TONNE_HA","A","1995",2.457013607,
"PRY","CROPYIELD","WHEAT","TONNE_HA","A","1996",1.785714269,
"PRY","CROPYIELD","WHEAT","TONNE_HA","A","1997",1.139303446,
"PRY","CROPYIELD","WHEAT","TONNE_HA","A","1998",0.957446814,
"PRY","CROPYIELD","WHEAT","TONNE_HA","A","1999",1.46875,
"PRY","CROPYIELD","WHEAT","TONNE_HA","A","2000",1.3836478,
"PRY","CROPYIELD","WHEAT","TONNE_HA","A","2001",1.834482789,
"PRY","CROPYIELD","WHEAT","TONNE_HA","A","2002",1.726688147,
"PRY","CROPYIELD","WHEAT","TONNE_HA","A","2003",2.465517283,
"PRY","CROPYIELD","WHEAT","TONNE_HA","A","2004",2.461538553,
"PRY","CROPYIELD","WHEAT","TONNE_HA","A","2005",1.698630095,
"PRY","CROPYIELD","WHEAT","TONNE_HA","A","2006",2.5,
"PRY","CROPYIELD","WHEAT","TONNE_HA","A","2007",2.099737644,
"PRY","CROPYIELD","WHEAT","TONNE_HA","A","2008",2.100393772,
"PRY","CROPYIELD","WHEAT","TONNE_HA","A","2009",2.499108791,
"PRY","CROPYIELD","WHEAT","TONNE_HA","A","2010",2.716140986,
"PRY","CROPYIELD","WHEAT","TONNE_HA","A","2011",3.070866108,
"PRY","CROPYIELD","WHEAT","TONNE_HA","A","2012",2.64814806,
"PRY","CROPYIELD","WHEAT","TONNE_HA","A","2013",1.555555582,
"PRY","CROPYIELD","WHEAT","TONNE_HA","A","2014",1.802215219,
"PRY","CROPYIELD","WHEAT","TONNE_HA","A","2015",2.150375843,
"PRY","CROPYIELD","WHEAT","TONNE_HA","A","2016",3.561643839,
"PHL","CROPYIELD","WHEAT","TONNE_HA","A","1990",1,
"PHL","CROPYIELD","WHEAT","TONNE_HA","A","1991",1,
"PHL","CROPYIELD","WHEAT","TONNE_HA","A","1992",1,
"PHL","CROPYIELD","WHEAT","TONNE_HA","A","1993",1,
"PHL","CROPYIELD","WHEAT","TONNE_HA","A","1994",1,
"PHL","CROPYIELD","WHEAT","TONNE_HA","A","1995",1,
"PHL","CROPYIELD","WHEAT","TONNE_HA","A","1996",1,
"PHL","CROPYIELD","WHEAT","TONNE_HA","A","1997",1,
"PHL","CROPYIELD","WHEAT","TONNE_HA","A","1998",1,
"PHL","CROPYIELD","WHEAT","TONNE_HA","A","1999",1,
"PHL","CROPYIELD","WHEAT","TONNE_HA","A","2000",1,
"PHL","CROPYIELD","WHEAT","TONNE_HA","A","2001",1,
"PHL","CROPYIELD","WHEAT","TONNE_HA","A","2002",1,
"PHL","CROPYIELD","WHEAT","TONNE_HA","A","2003",1,
"PHL","CROPYIELD","WHEAT","TONNE_HA","A","2004",1,
"PHL","CROPYIELD","WHEAT","TONNE_HA","A","2005",1,
"PHL","CROPYIELD","WHEAT","TONNE_HA","A","2006",1,
"PHL","CROPYIELD","WHEAT","TONNE_HA","A","2007",1,
"PHL","CROPYIELD","WHEAT","TONNE_HA","A","2008",1,
"PHL","CROPYIELD","WHEAT","TONNE_HA","A","2009",1,
"PHL","CROPYIELD","WHEAT","TONNE_HA","A","2010",1,
"PHL","CROPYIELD","WHEAT","TONNE_HA","A","2011",1,
"PHL","CROPYIELD","WHEAT","TONNE_HA","A","2012",1,
"PHL","CROPYIELD","WHEAT","TONNE_HA","A","2013",1,
"PHL","CROPYIELD","WHEAT","TONNE_HA","A","2014",1,
"PHL","CROPYIELD","WHEAT","TONNE_HA","A","2015",1,
"PHL","CROPYIELD","WHEAT","TONNE_HA","A","2016",1,
"RUS","CROPYIELD","WHEAT","TONNE_HA","A","1990",2.045708629,
"RUS","CROPYIELD","WHEAT","TONNE_HA","A","1991",1.680166724,
"RUS","CROPYIELD","WHEAT","TONNE_HA","A","1992",1.901114726,
"RUS","CROPYIELD","WHEAT","TONNE_HA","A","1993",1.765448391,
"RUS","CROPYIELD","WHEAT","TONNE_HA","A","1994",1.44786886,
"RUS","CROPYIELD","WHEAT","TONNE_HA","A","1995",1.259712661,
"RUS","CROPYIELD","WHEAT","TONNE_HA","A","1996",1.354310952,
"RUS","CROPYIELD","WHEAT","TONNE_HA","A","1997",1.697694658,
"RUS","CROPYIELD","WHEAT","TONNE_HA","A","1998",1.034240067,
"RUS","CROPYIELD","WHEAT","TONNE_HA","A","1999",1.346405742,
"RUS","CROPYIELD","WHEAT","TONNE_HA","A","2000",1.485091019,
"RUS","CROPYIELD","WHEAT","TONNE_HA","A","2001",1.977542352,
"RUS","CROPYIELD","WHEAT","TONNE_HA","A","2002",1.972648508,
"RUS","CROPYIELD","WHEAT","TONNE_HA","A","2003",1.539529508,
"RUS","CROPYIELD","WHEAT","TONNE_HA","A","2004",1.892832604,
"RUS","CROPYIELD","WHEAT","TONNE_HA","A","2005",1.878884105,
"RUS","CROPYIELD","WHEAT","TONNE_HA","A","2006",1.904246175,
"RUS","CROPYIELD","WHEAT","TONNE_HA","A","2007",2.024771266,
"RUS","CROPYIELD","WHEAT","TONNE_HA","A","2008",2.394215447,
"RUS","CROPYIELD","WHEAT","TONNE_HA","A","2009",2.151369433,
"RUS","CROPYIELD","WHEAT","TONNE_HA","A","2010",1.559688874,
"RUS","CROPYIELD","WHEAT","TONNE_HA","A","2011",2.190116438,
"RUS","CROPYIELD","WHEAT","TONNE_HA","A","2012",1.46838991,
"RUS","CROPYIELD","WHEAT","TONNE_HA","A","2013",2.2300003,
"RUS","CROPYIELD","WHEAT","TONNE_HA","A","2014",2.500000209,
"RUS","CROPYIELD","WHEAT","TONNE_HA","A","2015",2.389999884,
"RUS","CROPYIELD","WHEAT","TONNE_HA","A","2016",2.679999942,
"SAU","CROPYIELD","WHEAT","TONNE_HA","A","1990",4.643320561,
"SAU","CROPYIELD","WHEAT","TONNE_HA","A","1991",4.503348351,
"SAU","CROPYIELD","WHEAT","TONNE_HA","A","1992",4.46320343,
"SAU","CROPYIELD","WHEAT","TONNE_HA","A","1993",4.489528656,
"SAU","CROPYIELD","WHEAT","TONNE_HA","A","1994",4.546391964,
"SAU","CROPYIELD","WHEAT","TONNE_HA","A","1995",4.466124535,
"SAU","CROPYIELD","WHEAT","TONNE_HA","A","1996",4.379561901,
"SAU","CROPYIELD","WHEAT","TONNE_HA","A","1997",4.45409441,
"SAU","CROPYIELD","WHEAT","TONNE_HA","A","1998",4.503896236,
"SAU","CROPYIELD","WHEAT","TONNE_HA","A","1999",4.253638268,
"SAU","CROPYIELD","WHEAT","TONNE_HA","A","2000",4.26491642,
"SAU","CROPYIELD","WHEAT","TONNE_HA","A","2001",4.910377502,
"SAU","CROPYIELD","WHEAT","TONNE_HA","A","2002",4.881763458,
"SAU","CROPYIELD","WHEAT","TONNE_HA","A","2003",4.882011414,
"SAU","CROPYIELD","WHEAT","TONNE_HA","A","2004",5.307839394,
"SAU","CROPYIELD","WHEAT","TONNE_HA","A","2005",5.415132999,
"SAU","CROPYIELD","WHEAT","TONNE_HA","A","2006",5.619657993,
"SAU","CROPYIELD","WHEAT","TONNE_HA","A","2007",5.684444428,
"SAU","CROPYIELD","WHEAT","TONNE_HA","A","2008",6.092024326,
"SAU","CROPYIELD","WHEAT","TONNE_HA","A","2009",5.877551079,
"SAU","CROPYIELD","WHEAT","TONNE_HA","A","2010",6.145785809,
"SAU","CROPYIELD","WHEAT","TONNE_HA","A","2011",6.141078949,
"SAU","CROPYIELD","WHEAT","TONNE_HA","A","2012",5.92570734,
"SAU","CROPYIELD","WHEAT","TONNE_HA","A","2013",6.434210777,
"SAU","CROPYIELD","WHEAT","TONNE_HA","A","2014",4.284490109,
"SAU","CROPYIELD","WHEAT","TONNE_HA","A","2015",0.25,
"SAU","CROPYIELD","WHEAT","TONNE_HA","A","2016",0.083333336,
"ZAF","CROPYIELD","WHEAT","TONNE_HA","A","1990",1.093410134,
"ZAF","CROPYIELD","WHEAT","TONNE_HA","A","1991",1.491643429,
"ZAF","CROPYIELD","WHEAT","TONNE_HA","A","1992",1.765333295,
"ZAF","CROPYIELD","WHEAT","TONNE_HA","A","1993",1.845581412,
"ZAF","CROPYIELD","WHEAT","TONNE_HA","A","1994",1.755725145,
"ZAF","CROPYIELD","WHEAT","TONNE_HA","A","1995",1.450476885,
"ZAF","CROPYIELD","WHEAT","TONNE_HA","A","1996",2.095826864,
"ZAF","CROPYIELD","WHEAT","TONNE_HA","A","1997",1.757597685,
"ZAF","CROPYIELD","WHEAT","TONNE_HA","A","1998",2.529411793,
"ZAF","CROPYIELD","WHEAT","TONNE_HA","A","1999",2.402507067,
"ZAF","CROPYIELD","WHEAT","TONNE_HA","A","2000",2.84309125,
"ZAF","CROPYIELD","WHEAT","TONNE_HA","A","2001",2.611053228,
"ZAF","CROPYIELD","WHEAT","TONNE_HA","A","2002",2.590860844,
"ZAF","CROPYIELD","WHEAT","TONNE_HA","A","2003",2.068181753,
"ZAF","CROPYIELD","WHEAT","TONNE_HA","A","2004",2.024096489,
"ZAF","CROPYIELD","WHEAT","TONNE_HA","A","2005",2.366459608,
"ZAF","CROPYIELD","WHEAT","TONNE_HA","A","2006",2.751633883,
"ZAF","CROPYIELD","WHEAT","TONNE_HA","A","2007",3.014240503,
"ZAF","CROPYIELD","WHEAT","TONNE_HA","A","2008",2.903743267,
"ZAF","CROPYIELD","WHEAT","TONNE_HA","A","2009",3.059098005,
"ZAF","CROPYIELD","WHEAT","TONNE_HA","A","2010",2.573476791,
"ZAF","CROPYIELD","WHEAT","TONNE_HA","A","2011",3.328923464,
"ZAF","CROPYIELD","WHEAT","TONNE_HA","A","2012",3.606525898,
"ZAF","CROPYIELD","WHEAT","TONNE_HA","A","2013",3.641472817,
"ZAF","CROPYIELD","WHEAT","TONNE_HA","A","2014",3.679916382,
"ZAF","CROPYIELD","WHEAT","TONNE_HA","A","2015",2.945122004,
"ZAF","CROPYIELD","WHEAT","TONNE_HA","A","2016",3.703745365,
"THA","CROPYIELD","WHEAT","TONNE_HA","A","1990",1,
"THA","CROPYIELD","WHEAT","TONNE_HA","A","1991",1,
"THA","CROPYIELD","WHEAT","TONNE_HA","A","1992",1,
"THA","CROPYIELD","WHEAT","TONNE_HA","A","1993",1,
"THA","CROPYIELD","WHEAT","TONNE_HA","A","1994",1,
"THA","CROPYIELD","WHEAT","TONNE_HA","A","1995",1,
"THA","CROPYIELD","WHEAT","TONNE_HA","A","1996",0.645454526,
"THA","CROPYIELD","WHEAT","TONNE_HA","A","1997",0.689972401,
"THA","CROPYIELD","WHEAT","TONNE_HA","A","1998",0.694999993,
"THA","CROPYIELD","WHEAT","TONNE_HA","A","1999",0.75,
"THA","CROPYIELD","WHEAT","TONNE_HA","A","2000",0.800000012,
"THA","CROPYIELD","WHEAT","TONNE_HA","A","2001",0.800000012,
"THA","CROPYIELD","WHEAT","TONNE_HA","A","2002",0.800000012,
"THA","CROPYIELD","WHEAT","TONNE_HA","A","2003",0.800000012,
"THA","CROPYIELD","WHEAT","TONNE_HA","A","2004",0.800000012,
"THA","CROPYIELD","WHEAT","TONNE_HA","A","2005",0.800000012,
"THA","CROPYIELD","WHEAT","TONNE_HA","A","2006",1,
"THA","CROPYIELD","WHEAT","TONNE_HA","A","2007",1,
"THA","CROPYIELD","WHEAT","TONNE_HA","A","2008",1,
"THA","CROPYIELD","WHEAT","TONNE_HA","A","2009",1,
"THA","CROPYIELD","WHEAT","TONNE_HA","A","2010",1,
"THA","CROPYIELD","WHEAT","TONNE_HA","A","2011",1,
"THA","CROPYIELD","WHEAT","TONNE_HA","A","2012",1,
"THA","CROPYIELD","WHEAT","TONNE_HA","A","2013",2,
"THA","CROPYIELD","WHEAT","TONNE_HA","A","2014",1,
"THA","CROPYIELD","WHEAT","TONNE_HA","A","2015",1,
"THA","CROPYIELD","WHEAT","TONNE_HA","A","2016",1,
"UKR","CROPYIELD","WHEAT","TONNE_HA","A","1990",1,
"UKR","CROPYIELD","WHEAT","TONNE_HA","A","1991",3.027765751,
"UKR","CROPYIELD","WHEAT","TONNE_HA","A","1992",3.092422247,
"UKR","CROPYIELD","WHEAT","TONNE_HA","A","1993",3.782224417,
"UKR","CROPYIELD","WHEAT","TONNE_HA","A","1994",3.037483454,
"UKR","CROPYIELD","WHEAT","TONNE_HA","A","1995",3.102756023,
"UKR","CROPYIELD","WHEAT","TONNE_HA","A","1996",2.545824766,
"UKR","CROPYIELD","WHEAT","TONNE_HA","A","1997",2.919035196,
"UKR","CROPYIELD","WHEAT","TONNE_HA","A","1998",3.013650179,
"UKR","CROPYIELD","WHEAT","TONNE_HA","A","1999",2.528658152,
"UKR","CROPYIELD","WHEAT","TONNE_HA","A","2000",2.135507584,
"UKR","CROPYIELD","WHEAT","TONNE_HA","A","2001",3.100276232,
"UKR","CROPYIELD","WHEAT","TONNE_HA","A","2002",2.926814795,
"UKR","CROPYIELD","WHEAT","TONNE_HA","A","2003",1.366742611,
"UKR","CROPYIELD","WHEAT","TONNE_HA","A","2004",3.110243321,
"UKR","CROPYIELD","WHEAT","TONNE_HA","A","2005",2.84568572,
"UKR","CROPYIELD","WHEAT","TONNE_HA","A","2006",2.530811071,
"UKR","CROPYIELD","WHEAT","TONNE_HA","A","2007",2.341959,
"UKR","CROPYIELD","WHEAT","TONNE_HA","A","2008",3.66981411,
"UKR","CROPYIELD","WHEAT","TONNE_HA","A","2009",3.092952728,
"UKR","CROPYIELD","WHEAT","TONNE_HA","A","2010",2.681577444,
"UKR","CROPYIELD","WHEAT","TONNE_HA","A","2011",3.353251457,
"UKR","CROPYIELD","WHEAT","TONNE_HA","A","2012",2.799900293,
"UKR","CROPYIELD","WHEAT","TONNE_HA","A","2013",3.393131495,
"UKR","CROPYIELD","WHEAT","TONNE_HA","A","2014",3.889350176,
"UKR","CROPYIELD","WHEAT","TONNE_HA","A","2015",3.87896204,
"UKR","CROPYIELD","WHEAT","TONNE_HA","A","2016",4.216970444,
"VNM","CROPYIELD","WHEAT","TONNE_HA","A","1990",1,
"VNM","CROPYIELD","WHEAT","TONNE_HA","A","1991",1,
"VNM","CROPYIELD","WHEAT","TONNE_HA","A","1992",1,
"VNM","CROPYIELD","WHEAT","TONNE_HA","A","1993",1,
"VNM","CROPYIELD","WHEAT","TONNE_HA","A","1994",1,
"VNM","CROPYIELD","WHEAT","TONNE_HA","A","1995",1,
"VNM","CROPYIELD","WHEAT","TONNE_HA","A","1996",1,
"VNM","CROPYIELD","WHEAT","TONNE_HA","A","1997",1,
"VNM","CROPYIELD","WHEAT","TONNE_HA","A","1998",1,
"VNM","CROPYIELD","WHEAT","TONNE_HA","A","1999",1,
"VNM","CROPYIELD","WHEAT","TONNE_HA","A","2000",1,
"VNM","CROPYIELD","WHEAT","TONNE_HA","A","2001",1,
"VNM","CROPYIELD","WHEAT","TONNE_HA","A","2002",1,
"VNM","CROPYIELD","WHEAT","TONNE_HA","A","2003",1,
"VNM","CROPYIELD","WHEAT","TONNE_HA","A","2004",1,
"VNM","CROPYIELD","WHEAT","TONNE_HA","A","2005",1,
"VNM","CROPYIELD","WHEAT","TONNE_HA","A","2006",1,
"VNM","CROPYIELD","WHEAT","TONNE_HA","A","2007",1,
"VNM","CROPYIELD","WHEAT","TONNE_HA","A","2008",1,
"VNM","CROPYIELD","WHEAT","TONNE_HA","A","2009",1,
"VNM","CROPYIELD","WHEAT","TONNE_HA","A","2010",1,
"VNM","CROPYIELD","WHEAT","TONNE_HA","A","2011",1,
"VNM","CROPYIELD","WHEAT","TONNE_HA","A","2012",1,
"VNM","CROPYIELD","WHEAT","TONNE_HA","A","2013",1,
"VNM","CROPYIELD","WHEAT","TONNE_HA","A","2014",1,
"VNM","CROPYIELD","WHEAT","TONNE_HA","A","2015",1,
"VNM","CROPYIELD","WHEAT","TONNE_HA","A","2016",1,
"WLD","CROPYIELD","WHEAT","TONNE_HA","A","1990",2.26776969,
"WLD","CROPYIELD","WHEAT","TONNE_HA","A","1991",2.131270322,
"WLD","CROPYIELD","WHEAT","TONNE_HA","A","1992",2.290343326,
"WLD","CROPYIELD","WHEAT","TONNE_HA","A","1993",2.028590071,
"WLD","CROPYIELD","WHEAT","TONNE_HA","A","1994",2.443204554,
"WLD","CROPYIELD","WHEAT","TONNE_HA","A","1995",2.478704256,
"WLD","CROPYIELD","WHEAT","TONNE_HA","A","1996",2.551909312,
"WLD","CROPYIELD","WHEAT","TONNE_HA","A","1997",2.692415498,
"WLD","CROPYIELD","WHEAT","TONNE_HA","A","1998",2.630709314,
"WLD","CROPYIELD","WHEAT","TONNE_HA","A","1999",2.736293946,
"WLD","CROPYIELD","WHEAT","TONNE_HA","A","2000",2.69907194,
"WLD","CROPYIELD","WHEAT","TONNE_HA","A","2001",2.725160822,
"WLD","CROPYIELD","WHEAT","TONNE_HA","A","2002",2.661821328,
"WLD","CROPYIELD","WHEAT","TONNE_HA","A","2003",2.662487789,
"WLD","CROPYIELD","WHEAT","TONNE_HA","A","2004",2.894251464,
"WLD","CROPYIELD","WHEAT","TONNE_HA","A","2005",2.84057332,
"WLD","CROPYIELD","WHEAT","TONNE_HA","A","2006",2.83051501,
"WLD","CROPYIELD","WHEAT","TONNE_HA","A","2007",2.815090754,
"WLD","CROPYIELD","WHEAT","TONNE_HA","A","2008",3.034363994,
"WLD","CROPYIELD","WHEAT","TONNE_HA","A","2009",3.023871392,
"WLD","CROPYIELD","WHEAT","TONNE_HA","A","2010",2.944623267,
"WLD","CROPYIELD","WHEAT","TONNE_HA","A","2011",3.158347599,
"WLD","CROPYIELD","WHEAT","TONNE_HA","A","2012",2.992099616,
"WLD","CROPYIELD","WHEAT","TONNE_HA","A","2013",3.265338829,
"WLD","CROPYIELD","WHEAT","TONNE_HA","A","2014",3.30049401,
"WLD","CROPYIELD","WHEAT","TONNE_HA","A","2015",3.312286109,
"WLD","CROPYIELD","WHEAT","TONNE_HA","A","2016",3.448878204,
"OECD","CROPYIELD","WHEAT","TONNE_HA","A","1990",2.379359457,
"OECD","CROPYIELD","WHEAT","TONNE_HA","A","1991",2.210482227,
"OECD","CROPYIELD","WHEAT","TONNE_HA","A","1992",2.34802486,
"OECD","CROPYIELD","WHEAT","TONNE_HA","A","1993",1.663300783,
"OECD","CROPYIELD","WHEAT","TONNE_HA","A","1994",2.945398224,
"OECD","CROPYIELD","WHEAT","TONNE_HA","A","1995",3.007577355,
"OECD","CROPYIELD","WHEAT","TONNE_HA","A","1996",3.123149649,
"OECD","CROPYIELD","WHEAT","TONNE_HA","A","1997",3.114135391,
"OECD","CROPYIELD","WHEAT","TONNE_HA","A","1998",3.326743725,
"OECD","CROPYIELD","WHEAT","TONNE_HA","A","1999",3.305108209,
"OECD","CROPYIELD","WHEAT","TONNE_HA","A","2000",3.28375791,
"OECD","CROPYIELD","WHEAT","TONNE_HA","A","2001",3.161059252,
"OECD","CROPYIELD","WHEAT","TONNE_HA","A","2002",3.020419484,
"OECD","CROPYIELD","WHEAT","TONNE_HA","A","2003",3.122871452,
"OECD","CROPYIELD","WHEAT","TONNE_HA","A","2004",3.509808697,
"OECD","CROPYIELD","WHEAT","TONNE_HA","A","2005",3.431191129,
"OECD","CROPYIELD","WHEAT","TONNE_HA","A","2006",3.181428349,
"OECD","CROPYIELD","WHEAT","TONNE_HA","A","2007",3.074878082,
"OECD","CROPYIELD","WHEAT","TONNE_HA","A","2008",3.577522972,
"OECD","CROPYIELD","WHEAT","TONNE_HA","A","2009",3.488342513,
"OECD","CROPYIELD","WHEAT","TONNE_HA","A","2010",3.586633126,
"OECD","CROPYIELD","WHEAT","TONNE_HA","A","2011",3.63365702,
"OECD","CROPYIELD","WHEAT","TONNE_HA","A","2012",3.543402595,
"OECD","CROPYIELD","WHEAT","TONNE_HA","A","2013",3.853318925,
"OECD","CROPYIELD","WHEAT","TONNE_HA","A","2014",3.806736662,
"OECD","CROPYIELD","WHEAT","TONNE_HA","A","2015",3.902922026,
"OECD","CROPYIELD","WHEAT","TONNE_HA","A","2016",4.005784067,
"BRICS","CROPYIELD","WHEAT","TONNE_HA","A","1990",2.447069275,
"BRICS","CROPYIELD","WHEAT","TONNE_HA","A","1991",2.387417317,
"BRICS","CROPYIELD","WHEAT","TONNE_HA","A","1992",2.570447926,
"BRICS","CROPYIELD","WHEAT","TONNE_HA","A","1993",2.575780536,
"BRICS","CROPYIELD","WHEAT","TONNE_HA","A","1994",2.479828366,
"BRICS","CROPYIELD","WHEAT","TONNE_HA","A","1995",2.494289833,
"BRICS","CROPYIELD","WHEAT","TONNE_HA","A","1996",2.558266317,
"BRICS","CROPYIELD","WHEAT","TONNE_HA","A","1997",2.84782969,
"BRICS","CROPYIELD","WHEAT","TONNE_HA","A","1998",2.445770633,
"BRICS","CROPYIELD","WHEAT","TONNE_HA","A","1999",2.708124338,
"BRICS","CROPYIELD","WHEAT","TONNE_HA","A","2000",2.707682728,
"BRICS","CROPYIELD","WHEAT","TONNE_HA","A","2001",2.816301165,
"BRICS","CROPYIELD","WHEAT","TONNE_HA","A","2002",2.778531168,
"BRICS","CROPYIELD","WHEAT","TONNE_HA","A","2003",2.674829917,
"BRICS","CROPYIELD","WHEAT","TONNE_HA","A","2004",2.861479835,
"BRICS","CROPYIELD","WHEAT","TONNE_HA","A","2005",2.835476899,
"BRICS","CROPYIELD","WHEAT","TONNE_HA","A","2006",2.990671069,
"BRICS","CROPYIELD","WHEAT","TONNE_HA","A","2007",3.060151134,
"BRICS","CROPYIELD","WHEAT","TONNE_HA","A","2008",3.228671103,
"BRICS","CROPYIELD","WHEAT","TONNE_HA","A","2009",3.155283537,
"BRICS","CROPYIELD","WHEAT","TONNE_HA","A","2010",2.9850434,
"BRICS","CROPYIELD","WHEAT","TONNE_HA","A","2011",3.280585905,
"BRICS","CROPYIELD","WHEAT","TONNE_HA","A","2012",3.158315902,
"BRICS","CROPYIELD","WHEAT","TONNE_HA","A","2013",3.430253188,
"BRICS","CROPYIELD","WHEAT","TONNE_HA","A","2014",3.545289643,
"BRICS","CROPYIELD","WHEAT","TONNE_HA","A","2015",3.381247977,
"BRICS","CROPYIELD","WHEAT","TONNE_HA","A","2016",3.612441241,
"NOR","CROPYIELD","WHEAT","TONNE_HA","A","1990",4.586104167,
"NOR","CROPYIELD","WHEAT","TONNE_HA","A","1991",4.583886793,
"NOR","CROPYIELD","WHEAT","TONNE_HA","A","1992",3.406436364,
"NOR","CROPYIELD","WHEAT","TONNE_HA","A","1993",5.0841,
"NOR","CROPYIELD","WHEAT","TONNE_HA","A","1994",2.801117647,
"NOR","CROPYIELD","WHEAT","TONNE_HA","A","1995",4.667227273,
"NOR","CROPYIELD","WHEAT","TONNE_HA","A","1996",4.45759322,
"NOR","CROPYIELD","WHEAT","TONNE_HA","A","1997",4.265762712,
"NOR","CROPYIELD","WHEAT","TONNE_HA","A","1998",4.655405797,
"NOR","CROPYIELD","WHEAT","TONNE_HA","A","1999",4.405501902,
"NOR","CROPYIELD","WHEAT","TONNE_HA","A","2000",4.542537061,
"NOR","CROPYIELD","WHEAT","TONNE_HA","A","2001",4.021913736,
"NOR","CROPYIELD","WHEAT","TONNE_HA","A","2002",4.192280667,
"NOR","CROPYIELD","WHEAT","TONNE_HA","A","2003",4.621975955,
"NOR","CROPYIELD","WHEAT","TONNE_HA","A","2004",4.725330477,
"NOR","CROPYIELD","WHEAT","TONNE_HA","A","2005",4.863040148,
"NOR","CROPYIELD","WHEAT","TONNE_HA","A","2006",4.126292319,
"NOR","CROPYIELD","WHEAT","TONNE_HA","A","2007",4.354714737,
"NOR","CROPYIELD","WHEAT","TONNE_HA","A","2008",4.825743574,
"NOR","CROPYIELD","WHEAT","TONNE_HA","A","2009",3.371143376,
"NOR","CROPYIELD","WHEAT","TONNE_HA","A","2010",4.56614434,
"NOR","CROPYIELD","WHEAT","TONNE_HA","A","2011",3.815506677,
"NOR","CROPYIELD","WHEAT","TONNE_HA","A","2012",4.072761865,
"NOR","CROPYIELD","WHEAT","TONNE_HA","A","2013",3.841615247,
"NOR","CROPYIELD","WHEAT","TONNE_HA","A","2014",4.792960008,
"NOR","CROPYIELD","WHEAT","TONNE_HA","A","2015",3.700358733,
"NOR","CROPYIELD","WHEAT","TONNE_HA","A","2016",4.293661548,
"CHE","CROPYIELD","WHEAT","TONNE_HA","A","1990",5.63,
"CHE","CROPYIELD","WHEAT","TONNE_HA","A","1991",6.142857143,
"CHE","CROPYIELD","WHEAT","TONNE_HA","A","1992",5.628865979,
"CHE","CROPYIELD","WHEAT","TONNE_HA","A","1993",6.092783505,
"CHE","CROPYIELD","WHEAT","TONNE_HA","A","1994",5.669903016,
"CHE","CROPYIELD","WHEAT","TONNE_HA","A","1995",6.18627451,
"CHE","CROPYIELD","WHEAT","TONNE_HA","A","1996",7.032834637,
"CHE","CROPYIELD","WHEAT","TONNE_HA","A","1997",6.255733768,
"CHE","CROPYIELD","WHEAT","TONNE_HA","A","1998",6.193863686,
"CHE","CROPYIELD","WHEAT","TONNE_HA","A","1999",5.270781596,
"CHE","CROPYIELD","WHEAT","TONNE_HA","A","2000",5.962947024,
"CHE","CROPYIELD","WHEAT","TONNE_HA","A","2001",5.532864961,
"CHE","CROPYIELD","WHEAT","TONNE_HA","A","2002",5.691398601,
"CHE","CROPYIELD","WHEAT","TONNE_HA","A","2003",5.074116569,
"CHE","CROPYIELD","WHEAT","TONNE_HA","A","2004",6.162079846,
"CHE","CROPYIELD","WHEAT","TONNE_HA","A","2005",5.788337355,
"CHE","CROPYIELD","WHEAT","TONNE_HA","A","2006",5.855077391,
"CHE","CROPYIELD","WHEAT","TONNE_HA","A","2007",6.039431284,
"CHE","CROPYIELD","WHEAT","TONNE_HA","A","2008",6.072288628,
"CHE","CROPYIELD","WHEAT","TONNE_HA","A","2009",6.106646075,
"CHE","CROPYIELD","WHEAT","TONNE_HA","A","2010",5.839028124,
"CHE","CROPYIELD","WHEAT","TONNE_HA","A","2011",6.391465384,
"CHE","CROPYIELD","WHEAT","TONNE_HA","A","2012",5.867326788,
"CHE","CROPYIELD","WHEAT","TONNE_HA","A","2013",5.430232558,
"CHE","CROPYIELD","WHEAT","TONNE_HA","A","2014",6.445783133,
"CHE","CROPYIELD","WHEAT","TONNE_HA","A","2015",6.243902439,
"CHE","CROPYIELD","WHEAT","TONNE_HA","A","2016",6.243902439,
"EU28","CROPYIELD","WHEAT","TONNE_HA","A","1994",4.683887004,
"EU28","CROPYIELD","WHEAT","TONNE_HA","A","1995",4.703406596,
"EU28","CROPYIELD","WHEAT","TONNE_HA","A","1996",4.965788767,
"EU28","CROPYIELD","WHEAT","TONNE_HA","A","1997",4.786263107,
"EU28","CROPYIELD","WHEAT","TONNE_HA","A","1998",5.127334232,
"EU28","CROPYIELD","WHEAT","TONNE_HA","A","1999",4.968262637,
"EU28","CROPYIELD","WHEAT","TONNE_HA","A","2000",4.942065538,
"EU28","CROPYIELD","WHEAT","TONNE_HA","A","2001",4.760460983,
"EU28","CROPYIELD","WHEAT","TONNE_HA","A","2002",4.927710884,
"EU28","CROPYIELD","WHEAT","TONNE_HA","A","2003",4.497678,
"EU28","CROPYIELD","WHEAT","TONNE_HA","A","2004",5.589238809,
"EU28","CROPYIELD","WHEAT","TONNE_HA","A","2005",5.099873857,
"EU28","CROPYIELD","WHEAT","TONNE_HA","A","2006",5.08495971,
"EU28","CROPYIELD","WHEAT","TONNE_HA","A","2007",4.834685513,
"EU28","CROPYIELD","WHEAT","TONNE_HA","A","2008",5.676536447,
"EU28","CROPYIELD","WHEAT","TONNE_HA","A","2009",5.391913791,
"EU28","CROPYIELD","WHEAT","TONNE_HA","A","2010",5.274573115,
"EU28","CROPYIELD","WHEAT","TONNE_HA","A","2011",5.330486086,
"EU28","CROPYIELD","WHEAT","TONNE_HA","A","2012",5.192617444,
"EU28","CROPYIELD","WHEAT","TONNE_HA","A","2013",5.597424481,
"EU28","CROPYIELD","WHEAT","TONNE_HA","A","2014",5.891468321,
"EU28","CROPYIELD","WHEAT","TONNE_HA","A","2015",6.012878244,
"EU28","CROPYIELD","WHEAT","TONNE_HA","A","2016",5.371618519,
"ISR","CROPYIELD","WHEAT","TONNE_HA","A","1990",3.197802305,
"ISR","CROPYIELD","WHEAT","TONNE_HA","A","1991",2.142857075,
"ISR","CROPYIELD","WHEAT","TONNE_HA","A","1992",2.886363745,
"ISR","CROPYIELD","WHEAT","TONNE_HA","A","1993",2.712500095,
"ISR","CROPYIELD","WHEAT","TONNE_HA","A","1994",1.320512772,
"ISR","CROPYIELD","WHEAT","TONNE_HA","A","1995",3.025000095,
"ISR","CROPYIELD","WHEAT","TONNE_HA","A","1996",2.283950567,
"ISR","CROPYIELD","WHEAT","TONNE_HA","A","1997",1.397590399,
"ISR","CROPYIELD","WHEAT","TONNE_HA","A","1998",1.802325606,
"ISR","CROPYIELD","WHEAT","TONNE_HA","A","1999",0.453125,
"ISR","CROPYIELD","WHEAT","TONNE_HA","A","2000",1.5,
"ISR","CROPYIELD","WHEAT","TONNE_HA","A","2001",2,
"ISR","CROPYIELD","WHEAT","TONNE_HA","A","2002",2.386666775,
"ISR","CROPYIELD","WHEAT","TONNE_HA","A","2003",2.67142868,
"ISR","CROPYIELD","WHEAT","TONNE_HA","A","2004",1.828571439,
"ISR","CROPYIELD","WHEAT","TONNE_HA","A","2005",2.680000067,
"ISR","CROPYIELD","WHEAT","TONNE_HA","A","2006",1.545347452,
"ISR","CROPYIELD","WHEAT","TONNE_HA","A","2007",1.848837256,
"ISR","CROPYIELD","WHEAT","TONNE_HA","A","2008",1.149773121,
"ISR","CROPYIELD","WHEAT","TONNE_HA","A","2009",2.065217257,
"ISR","CROPYIELD","WHEAT","TONNE_HA","A","2010",1.747269988,
"ISR","CROPYIELD","WHEAT","TONNE_HA","A","2011",2.343234301,
"ISR","CROPYIELD","WHEAT","TONNE_HA","A","2012",3.259912014,
"ISR","CROPYIELD","WHEAT","TONNE_HA","A","2013",2.78125,
"ISR","CROPYIELD","WHEAT","TONNE_HA","A","2014",2.272727251,
"ISR","CROPYIELD","WHEAT","TONNE_HA","A","2015",2.883333445,
"ISR","CROPYIELD","WHEAT","TONNE_HA","A","2016",2.799999952,
